consumer_surplus,producer_surplus,transfer_surplus,fixed_cost,compensation
7.874623628160001e8,8.696401904064e7,8.233668e6,11191.424000000003,53147.9237322
