consumer_surplus,producer_surplus,transfer_surplus,fixed_cost,compensation
7.861353544499999e8,8.811964503024e7,8.404875e6,11191.424000000003,1.7960815057449365e-11
