consumer_surplus,producer_surplus,transfer_surplus,fixed_cost,compensation
9.063366664473e8,-2.3676791967059996e7,0.0,11191.424000000003,2.3676791967059996e7
